Object,Classical Gravity (m/s^2),SDKP Adjusted Gravity (m/s^2),Density (kg/m^3),Entropy Influence (SDKP Score)
Small Rock,6.674299999999998e-08,7.341729999999999e-06,2387.3241463784298,238.732414637843
Car,2.5028624999999998e-08,3.7542937500000375e-05,44.76232774459557,44.76232774459557
Earth,9.819973426224687,9.205079365798128e+18,5513.258738589093,0.06381086502996634
Neutron Star,1334859999999.9998,2.6964172e+40,4.774648292756861e+17,4.774648292756861e+19
